{
  "m_anviLightColor": {
    "w": 0.9411764740943909,
    "x": 1.0,
    "y": 1.0,
    "z": 1.0
  },
  "m_brightThreshold": 0.4699999988079071,
  "m_dirLightHeight": 30.0,
  "m_directionalLightColor": {
    "x": 1.0,
    "y": 1.0,
    "z": 1.0
  },
  "m_directionalLightDir": {
    "x": -1.0,
    "y": -1.0,
    "z": -1.0
  },
  "m_fogColor": {
    "x": 0.49480971693992615,
    "y": 0.5295389890670776,
    "z": 0.5735294222831726
  },
  "m_fogDensity": 0.0010000000474974513,
  "m_fogEnable": true,
  "m_fogUseRange": true,
  "m_highFogColor": {
    "x": 0.29411762952804565,
    "y": 0.29411762952804565,
    "z": 0.29411762952804565
  },
  "m_highFogDistance": 70.0,
  "m_highFogHeight": 338.6000061035156,
  "m_lightingArea": {
    "x": 50.0,
    "y": 50.0
  },
  "m_lowFogHeight": -203.0
}